metric,mean_baseline,mean_hybrid,mean_diff_h_minus_b,shapiro_p,ttest_p,wilcoxon_p
drift_q,0.24818134901001598,0.33442161983811436,0.08624027082809839,2.693517381525035e-5,2.996708451879472e-24,5.856866475826275e-24
drift_ctx,0.3720565867693638,0.2873472182480829,-0.08470936852128089,0.011407304426847507,1.306156261294449e-32,6.866225582806582e-28
