dataset,rows,mean_drift_q,mean_drift_ctx,mean_sim_q,mean_sim_ctx
baseline,250,0.24818134901001598,0.3720565867693638,0.751818650989984,0.6279434132306362
hybrid_rag,250,0.33442161983811436,0.2873472182480829,0.6655783801618856,0.712652781751917
