cluster,dataset,n,cluster_pct
0,baseline,32,50.79365079365079
0,hybrid_rag,31,49.20634920634921
1,baseline,24,48.97959183673469
1,hybrid_rag,25,51.02040816326531
2,baseline,57,52.77777777777778
2,hybrid_rag,51,47.22222222222222
3,baseline,32,55.172413793103445
3,hybrid_rag,26,44.827586206896555
4,baseline,35,43.75
4,hybrid_rag,45,56.25
5,baseline,70,49.29577464788732
5,hybrid_rag,72,50.70422535211268
