metric,mean_delta,p_value,sig
faith,0.05437512557765723,0.034148878394366027,True
ground,0.164,3.282720774316408e-08,True
acc,-0.076,0.03130623138243157,True
tone,-0.144,0.00408989351310817,True
rel,-0.16466939622041443,3.931168087858748e-16,True
sim_ctx,0.08470936852128089,6.833197942419247e-28,True
